key1,key2,result
FC5,FC3,123957.72784380315
FC5,FC1,141481.93664694036
FC5,FCZ,142126.26848749412
FC5,FC2,148580.34633427748
FC5,FC4,146138.97376920833
FC5,FC6,156803.80176940927
FC5,C5,147810.63971580935
FC5,C3,148440.80391738666
FC5,C1,155076.54784485183
FC5,CZ,157230.9080242026
FC5,C2,160153.86434514335
FC5,C4,159209.68959589046
FC5,C6,160662.77605915634
FC5,CP5,163393.11783153223
FC5,CP3,162155.0557429745
FC5,CP1,164336.9435234015
FC5,CPZ,167561.96199157625
FC5,CP2,167256.76462714977
FC5,CP4,169169.68141240533
FC5,CP6,173727.66779348714
FC5,FP1,762215.706259343
FC5,FPZ,524001.3067568399
FC5,FP2,475677.04551889654
FC5,AF7,770907.52934506
FC5,AF3,351256.3666590957
FC5,AFZ,234036.69859936938
FC5,AF4,224156.46925275575
FC5,AF8,502314.31899711624
FC5,F7,344163.5745543841
FC5,F5,349920.35672395455
FC5,F3,154852.43409986905
FC5,F1,159101.0610493925
FC5,FZ,144426.62867868447
FC5,F2,152296.26414597896
FC5,F4,152542.57286666488
FC5,F6,171194.0000145519
FC5,F8,239827.92063278382
FC5,FT7,134869.18639991785
FC5,FT8,186207.9396624492
FC5,T7,158108.54975366872
FC5,T8,181513.7373017627
FC5,T9,216394.55086620967
FC5,T10,245994.59567514242
FC5,TP7,172450.48482734725
FC5,TP8,190765.0492997308
FC5,P7,188768.2981329035
FC5,P5,179906.22475544183
FC5,P3,176619.9150790192
FC5,P1,176137.52890538954
FC5,PZ,176256.59485927445
FC5,P2,177603.332732618
FC5,P4,181833.82861323684
FC5,P6,195816.99743264003
FC5,P8,202089.04168421362
FC5,PO7,208406.11204808485
FC5,PO3,190678.29784021006
FC5,POZ,193053.96365617384
FC5,PO4,198054.01134759653
FC5,PO8,242818.8599884959
FC5,O1,216506.6195367749
FC5,OZ,223379.9145615414
FC5,O2,226545.73033558065
FC5,IZ,252042.08129296402
FC3,FC1,86042.19731106696
FC3,FCZ,101532.83927198451
FC3,FC2,106156.23885907793
FC3,FC4,114141.68847430816
FC3,FC6,141753.39385279498
FC3,C5,114519.86871624502
FC3,C3,99376.55832429061
FC3,C1,109366.67160758025
FC3,CZ,117711.0777886875
FC3,C2,120770.16800737807
FC3,C4,121996.93426607232
FC3,C6,132687.09084681986
FC3,CP5,135893.53362114064
FC3,CP3,129453.03485191704
FC3,CP1,129728.53825886516
FC3,CPZ,134108.08649544683
FC3,CP2,133305.66093129118
FC3,CP4,142979.98815989558
FC3,CP6,152389.54394022288
FC3,FP1,827024.3325080165
FC3,FPZ,561019.5298925233
FC3,FP2,512174.2809524808
FC3,AF7,841044.3280294951
FC3,AF3,390169.6615040948
FC3,AFZ,234042.79207102512
FC3,AF4,226426.2107679436
FC3,AF8,552105.7525427083
FC3,F7,401543.95052970154
FC3,F5,388479.64091898105
FC3,F3,146457.14778580054
FC3,F1,153664.3368743809
FC3,FZ,104714.52395487369
FC3,F2,126887.5404525145
FC3,F4,126935.71497857537
FC3,F6,170219.66900767566
FC3,F8,257410.12644206136
FC3,FT7,141702.8016325082
FC3,FT8,185889.0367140774
FC3,T7,144170.97923464834
FC3,T8,166052.04040930726
FC3,T9,208818.03747379826
FC3,T10,244641.57048344944
FC3,TP7,152162.71022674596
FC3,TP8,173969.55471520216
FC3,P7,172331.13602995907
FC3,P5,161461.51556506995
FC3,P3,152406.2028279138
FC3,P1,148094.49821643642
FC3,PZ,149197.27324314677
FC3,P2,152250.61661434954
FC3,P4,161555.16911086475
FC3,P6,180699.61365787088
FC3,P8,189685.91426210848
FC3,PO7,197987.0871775531
FC3,PO3,174539.0353828025
FC3,POZ,175159.57493003117
FC3,PO4,185052.75445181454
FC3,PO8,238655.08393022476
FC3,O1,209709.95748801727
FC3,OZ,219731.50411630012
FC3,O2,221956.4547317046
FC3,IZ,252321.7131603282
FC1,FCZ,85591.94668792671
FC1,FC2,91141.66604480664
FC1,FC4,108980.44188867405
FC1,FC6,142335.27080226323
FC1,C5,113737.88845807654
FC1,C3,97008.86936974223
FC1,C1,96948.47473459812
FC1,CZ,104899.60540551052
FC1,C2,109360.68889673783
FC1,C4,114136.97510945189
FC1,C6,129206.80311346303
FC1,CP5,131413.78118148743
FC1,CP3,124750.69992990444
FC1,CP1,121405.02094272523
FC1,CPZ,125887.3041902233
FC1,CP2,125653.5909190267
FC1,CP4,138047.0976968441
FC1,CP6,149412.43402593778
FC1,FP1,844137.7133375424
FC1,FPZ,569139.9861896682
FC1,FP2,521417.29956280946
FC1,AF7,862737.7572092745
FC1,AF3,400515.9298420356
FC1,AFZ,233153.73445595492
FC1,AF4,226242.35651502165
FC1,AF8,568525.9359107277
FC1,F7,414985.62444456585
FC1,F5,398601.48360049
FC1,F3,146757.016312081
FC1,F1,155032.39755207943
FC1,FZ,92041.35445827646
FC1,F2,122157.59917385632
FC1,F4,121936.60507701545
FC1,F6,173941.36472165913
FC1,F8,266517.0972794071
FC1,FT7,147541.53934087112
FC1,FT8,192119.4643021765
FC1,T7,145302.69275646683
FC1,T8,164931.21821437383
FC1,T9,210924.03117085557
FC1,T10,245399.92997846016
FC1,TP7,150322.47251698788
FC1,TP8,173161.83619110164
FC1,P7,171531.96641319394
FC1,P5,159684.84582180108
FC1,P3,148354.97394786304
FC1,P1,143260.3760604643
FC1,PZ,143104.3547645281
FC1,P2,147249.86255680452
FC1,P4,159517.47864964823
FC1,P6,182385.03772875146
FC1,P8,189133.22376515158
FC1,PO7,200125.0467659412
FC1,PO3,173705.58654141048
FC1,POZ,173987.2676455109
FC1,PO4,184919.68008269742
FC1,PO8,242553.40539722546
FC1,O1,211140.71068926607
FC1,OZ,219854.1754931746
FC1,O2,223325.7086022075
FC1,IZ,255405.43512299313
FCZ,FC2,83375.1770270016
FCZ,FC4,107944.76119502605
FCZ,FC6,146878.26822849913
FCZ,C5,118065.14368465109
FCZ,C3,106784.89895333769
FCZ,C1,106097.07213847629
FCZ,CZ,110975.35071200272
FCZ,C2,110647.046073978
FCZ,C4,115472.67873023424
FCZ,C6,132743.12816639058
FCZ,CP5,134096.53031221218
FCZ,CP3,126470.24055865037
FCZ,CP1,123021.77272208332
FCZ,CPZ,128508.48962928714
FCZ,CP2,125792.29597109879
FCZ,CP4,139610.52994708583
FCZ,CP6,151602.0932544529
FCZ,FP1,835332.3242897528
FCZ,FPZ,553155.1545164869
FCZ,FP2,504622.5142810136
FCZ,AF7,853163.8289604087
FCZ,AF3,386546.5921860953
FCZ,AFZ,205255.1812576748
FCZ,AF4,204937.16953373712
FCZ,AF8,560840.8952122265
FCZ,F7,410461.92685615
FCZ,F5,384815.0971019648
FCZ,F3,119064.4278910734
FCZ,F1,127550.85813080698
FCZ,FZ,46966.500266557385
FCZ,F2,86576.59807094156
FCZ,F4,86302.68829162892
FCZ,F6,163217.144850143
FCZ,F8,260118.65823073967
FCZ,FT7,152009.05473142336
FCZ,FT8,195250.90803136126
FCZ,T7,148313.56323554393
FCZ,T8,167896.87934306485
FCZ,T9,209993.62933734813
FCZ,T10,243140.09456185842
FCZ,TP7,149773.55781055853
FCZ,TP8,171934.20990987736
FCZ,P7,169445.15270213984
FCZ,P5,159916.84751694906
FCZ,P3,147501.6690250501
FCZ,P1,142259.0995786613
FCZ,PZ,142506.5582322165
FCZ,P2,146198.91324015128
FCZ,P4,160960.8813186698
FCZ,P6,183773.05139272413
FCZ,P8,187852.2416954704
FCZ,PO7,197629.9891656098
FCZ,PO3,172974.64525930997
FCZ,POZ,171125.74624236248
FCZ,PO4,184228.705628827
FCZ,PO8,240035.55292094502
FCZ,O1,210614.8704462695
FCZ,OZ,220049.8959446801
FCZ,O2,221236.39156824062
FCZ,IZ,252509.3022092599
FC2,FC4,83984.95276137597
FC2,FC6,137903.0239583542
FC2,C5,112851.73089879885
FC2,C3,97742.68598961725
FC2,C1,92487.96084625508
FC2,CZ,92467.41783841008
FC2,C2,85375.32900804936
FC2,C4,95661.48160616847
FC2,C6,122822.1523424949
FC2,CP5,129797.54779214483
FC2,CP3,121427.40276794146
FC2,CP1,115421.56107193319
FC2,CPZ,118257.82199393763
FC2,CP2,113125.85891296675
FC2,CP4,131535.18591215022
FC2,CP6,146652.01394543276
FC2,FP1,851300.1559740348
FC2,FPZ,574964.4778353155
FC2,FP2,526723.77660008
FC2,AF7,871246.5569827533
FC2,AF3,406253.2399790189
FC2,AFZ,233415.4385647481
FC2,AF4,228638.63555062402
FC2,AF8,577367.6753201173
FC2,F7,425515.1835477263
FC2,F5,404712.58503579296
FC2,F3,151713.69176107028
FC2,F1,160155.97956881352
FC2,FZ,88562.17573436596
FC2,F2,117078.05681106211
FC2,F4,116924.2552691585
FC2,F6,174177.04006893243
FC2,F8,270208.4683416195
FC2,FT7,152068.70319499078
FC2,FT8,190289.65563827852
FC2,T7,146339.29997639585
FC2,T8,162373.15285125462
FC2,T9,210912.57870371675
FC2,T10,240962.48937715724
FC2,TP7,147184.30118580503
FC2,TP8,168758.6608125959
FC2,P7,168411.36678093398
FC2,P5,156379.39822580628
FC2,P3,144570.68962644052
FC2,P1,138274.75376071272
FC2,PZ,138184.24104403015
FC2,P2,140869.64145032057
FC2,P4,154316.2140920783
FC2,P6,177325.80003745164
FC2,P8,184577.6775879418
FC2,PO7,198678.11259073587
FC2,PO3,170833.31802952944
FC2,POZ,168776.4641655406
FC2,PO4,180371.4654757898
FC2,PO8,238965.7982857798
FC2,O1,210128.43354276026
FC2,OZ,219352.0762485299
FC2,O2,220741.5436538151
FC2,IZ,255070.8654257088
FC4,FC6,122333.71359250264
FC4,C5,122648.82963014781
FC4,C3,114412.12812249875
FC4,C1,117229.11550122971
FC4,CZ,117846.75483920837
FC4,C2,115163.55428756279
FC4,C4,108482.97417121397
FC4,C6,126683.95325962335
FC4,CP5,138928.05896319431
FC4,CP3,133122.2094519002
FC4,CP1,131265.91372287713
FC4,CPZ,135375.49876889822
FC4,CP2,133427.14064518723
FC4,CP4,141500.55825816526
FC4,CP6,150816.5640336589
FC4,FP1,813972.7879833211
FC4,FPZ,549484.5557561237
FC4,FP2,502114.8223541004
FC4,AF7,831257.4878474628
FC4,AF3,380439.7687819828
FC4,AFZ,230469.8130984453
FC4,AF4,220504.6792152499
FC4,AF8,542898.8657247616
FC4,F7,396067.4668930946
FC4,F5,379208.0535230461
FC4,F3,154020.30150118278
FC4,F1,160946.19740285727
FC4,FZ,110509.14381076762
FC4,F2,122444.63168599976
FC4,F4,122477.58180027746
FC4,F6,160235.66704251754
FC4,F8,250217.3593647264
FC4,FT7,149522.77996425887
FC4,FT8,178978.9774280914
FC4,T7,148444.83098905766
FC4,T8,161246.2143357789
FC4,T9,210099.64576454056
FC4,T10,239094.21026423413
FC4,TP7,154113.70296920242
FC4,TP8,171674.89824198326
FC4,P7,172896.7333674636
FC4,P5,161661.95888432037
FC4,P3,153494.0815744525
FC4,P1,149425.14246167935
FC4,PZ,149051.17523182713
FC4,P2,152424.37830248967
FC4,P4,160797.42739436895
FC4,P6,179127.16559901315
FC4,P8,186089.17738455848
FC4,PO7,197601.6289231471
FC4,PO3,175105.87527062127
FC4,POZ,175321.06259364428
FC4,PO4,183924.29300189795
FC4,PO8,236277.1024495009
FC4,O1,208583.93933892192
FC4,OZ,216833.95098568627
FC4,O2,218395.570292081
FC4,IZ,248721.34542808478
FC6,C5,146312.5702843052
FC6,C3,146022.48148566403
FC6,C1,149208.3616686106
FC6,CZ,151171.32173461973
FC6,C2,150365.6088286951
FC6,C4,140462.98221120198
FC6,C6,141157.09496089257
FC6,CP5,159015.66312674741
FC6,CP3,157248.5199550844
FC6,CP1,159294.49014616993
FC6,CPZ,162755.4889460756
FC6,CP2,161693.45016002905
FC6,CP4,162332.00663634297
FC6,CP6,164431.57969983562
FC6,FP1,769971.2859024308
FC6,FPZ,527906.799602562
FC6,FP2,478853.7009178809
FC6,AF7,781981.599011756
FC6,AF3,366883.77528897405
FC6,AFZ,245626.99114281914
FC6,AF4,232095.445842225
FC6,AF8,506792.33174834395
FC6,F7,374023.7309892767
FC6,F5,365007.1731106349
FC6,F3,176570.2595888621
FC6,F1,181322.34825895797
FC6,FZ,150696.269937292
FC6,F2,157049.42716083847
FC6,F4,157606.45934992676
FC6,F6,164154.58826413285
FC6,F8,236074.50556130358
FC6,FT7,160996.86912892872
FC6,FT8,162859.4579371421
FC6,T7,160928.5672957981
FC6,T8,164101.45369785628
FC6,T9,212867.35252115462
FC6,T10,239601.39545501335
FC6,TP7,169637.02223492408
FC6,TP8,183557.8712199154
FC6,P7,186270.59357282915
FC6,P5,177527.65072609877
FC6,P3,172545.13749142003
FC6,P1,171673.5075157703
FC6,PZ,171656.30241999164
FC6,P2,172838.15591222083
FC6,P4,176093.50108220548
FC6,P6,188268.9176335043
FC6,P8,194584.50527831385
FC6,PO7,205941.38195314314
FC6,PO3,188161.33067086365
FC6,POZ,189448.95564897676
FC6,PO4,193862.1561431568
FC6,PO8,237134.2040831634
FC6,O1,213820.06161728204
FC6,OZ,220772.37814592256
FC6,O2,221215.5842196142
FC6,IZ,245855.0637613068
C5,C3,87483.85588010942
C5,C1,102581.14544579518
C5,CZ,109569.98825154605
C5,C2,108735.54300942572
C5,C4,111574.44185359009
C5,C6,123771.00128086135
C5,CP5,102174.1620623153
C5,CP3,105523.99183318538
C5,CP1,109098.20323986691
C5,CPZ,116637.87519946646
C5,CP2,117234.62068618456
C5,CP4,128358.24416775894
C5,CP6,139361.8338339388
C5,FP1,818352.0155755777
C5,FPZ,546851.7051610004
C5,FP2,500939.7918186335
C5,AF7,838711.9801324017
C5,AF3,388828.9484371482
C5,AFZ,230523.05929535
C5,AF4,226468.45823897969
C5,AF8,552055.3556820642
C5,F7,410627.77479759336
C5,F5,387426.60160125524
C5,F3,157053.63252502534
C5,F1,164850.24490296945
C5,FZ,118281.89123089238
C5,F2,133908.91194940024
C5,F4,133680.062684169
C5,F6,179015.4606298311
C5,F8,266597.23866996495
C5,FT7,148999.78531720667
C5,FT8,189166.1269477715
C5,T7,125769.11691569498
C5,T8,154172.09762191723
C5,T9,185480.75491139866
C5,T10,224147.15375663782
C5,TP7,125251.30052334406
C5,TP8,161493.97690355012
C5,P7,149910.0611234051
C5,P5,138776.86783839168
C5,P3,131483.66050577041
C5,P1,127682.54985521425
C5,PZ,130616.6483601703
C5,P2,133580.97865274016
C5,P4,146206.20706812508
C5,P6,168677.60186538426
C5,P8,176340.43180379242
C5,PO7,180935.11283561474
C5,PO3,154822.48878237462
C5,POZ,155803.7749953498
C5,PO4,169527.13944089593
C5,PO8,224279.49130017668
C5,O1,194211.31737071514
C5,OZ,203465.07383212016
C5,O2,206057.48029733796
C5,IZ,236570.49023267755
C3,C1,71176.48239162222
C3,CZ,90394.60312122919
C3,C2,94143.07831902232
C3,C4,97794.857625948
C3,C6,120283.17432182167
C3,CP5,105057.77439656272
C3,CP3,89175.14021067918
C3,CP1,90486.97944302997
C3,CPZ,105800.20696017632
C3,CP2,106575.82062043634
C3,CP4,122695.14296716657
C3,CP6,138502.35454626617
C3,FP1,850469.5527915851
C3,FPZ,573281.9877375929
C3,FP2,523692.5741465079
C3,AF7,870724.8997667499
C3,AF3,407092.26908204344
C3,AFZ,235503.09601582983
C3,AF4,231229.3504121133
C3,AF8,575537.3713815622
C3,F7,425715.3714452757
C3,F5,405115.6157138578
C3,F3,154680.78968719818
C3,F1,163000.27953311012
C3,FZ,106077.30841541904
C3,F2,128241.26984228878
C3,F4,127807.75704197206
C3,F6,178259.33519318348
C3,F8,272666.56453004567
C3,FT7,150921.682459483
C3,FT8,193370.22118583097
C3,T7,134652.64021777528
C3,T8,154888.4572515404
C3,T9,198125.0964787834
C3,T10,235655.32745197485
C3,TP7,133293.37558151272
C3,TP8,163284.19996859584
C3,P7,154679.83896311896
C3,P5,140897.16481005267
C3,P3,127705.31525889748
C3,P1,122081.40254148169
C3,PZ,123518.67385762502
C3,P2,128788.04890371025
C3,P4,143730.7211986218
C3,P6,169554.7094697199
C3,P8,176356.82661569727
C3,PO7,187127.09171270023
C3,PO3,157829.66575735266
C3,POZ,156704.83586868533
C3,PO4,170411.42882889774
C3,PO8,229290.67462332788
C3,O1,200409.5150041549
C3,OZ,207890.6685092651
C3,O2,210969.5131089072
C3,IZ,247652.80951016108
C1,CZ,65184.440728290865
C1,C2,77970.13893000457
C1,C4,92855.1934546157
C1,C6,116572.55620425753
C1,CP5,111930.35974211118
C1,CP3,94302.22022955623
C1,CP1,78805.65163531488
C1,CPZ,90687.5115595753
C1,CP2,94294.05505672745
C1,CP4,115059.50279823419
C1,CP6,132997.623453819
C1,FP1,836506.1032391128
C1,FPZ,557754.4980453099
C1,FP2,511287.4340866534
C1,AF7,858279.5559546762
C1,AF3,394923.41264276503
C1,AFZ,227045.47570499862
C1,AF4,225764.92337699453
C1,AF8,568505.9680925194
C1,F7,421542.81971742975
C1,F5,393247.30413357087
C1,F3,152742.6360443769
C1,F1,161059.79868880907
C1,FZ,106222.64333734839
C1,F2,127917.70893130908
C1,F4,127347.07809440202
C1,F6,179707.0369002628
C1,F8,273989.9024047876
C1,FT7,155851.63031001788
C1,FT8,192522.23088050607
C1,T7,137246.8881892546
C1,T8,151274.53082121033
C1,T9,191763.07795638134
C1,T10,220034.4641032223
C1,TP7,131887.36518699198
C1,TP8,156477.02201584372
C1,P7,151035.7722814403
C1,P5,138886.6458590417
C1,P3,124122.86762851263
C1,P1,114911.14523973798
C1,PZ,114789.57939288305
C1,P2,120245.7988086686
C1,P4,137224.3789496372
C1,P6,160799.42463777956
C1,P8,168071.27057429063
C1,PO7,180703.69777392023
C1,PO3,152253.95585414112
C1,POZ,147107.95369587597
C1,PO4,161242.00986038762
C1,PO8,222613.90586056875
C1,O1,192961.38427109475
C1,OZ,199326.62241559502
C1,O2,201829.19792511428
C1,IZ,235745.57099032155
CZ,C2,64581.0769759903
CZ,C4,91586.62871236526
CZ,C6,115785.15877261244
CZ,CP5,113524.10175770115
CZ,CP3,100691.5266266167
CZ,CP1,83230.7040327922
CZ,CPZ,83086.87254813177
CZ,CP2,83949.30179573823
CZ,CP4,111569.75979472166
CZ,CP6,130619.65028921404
CZ,FP1,825453.9044741621
CZ,FPZ,545494.8434002466
CZ,FP2,499904.0287851857
CZ,AF7,848803.3490881827
CZ,AF3,389226.72699185443
CZ,AFZ,221278.16366857433
CZ,AF4,222552.61187678957
CZ,AF8,558153.467245828
CZ,F7,417602.5950923443
CZ,F5,387574.66536938655
CZ,F3,155570.80449622739
CZ,F1,162278.72240409136
CZ,FZ,110725.5279959115
CZ,F2,130798.99360561282
CZ,F4,130287.5440041417
CZ,F6,181275.443220528
CZ,F8,271778.74452426477
CZ,FT7,158631.18379239037
CZ,FT8,192195.78946722267
CZ,T7,136894.1267278872
CZ,T8,148386.4445809198
CZ,T9,183700.6000982823
CZ,T10,214009.74755516739
CZ,TP7,129756.60895830455
CZ,TP8,149187.66796205382
CZ,P7,147024.51636342605
CZ,P5,136444.109441235
CZ,P3,122655.96081649176
CZ,P1,112844.64494782938
CZ,PZ,110915.43879680696
CZ,P2,115893.61554107671
CZ,P4,133619.2553025896
CZ,P6,156236.4875018672
CZ,P8,161803.00550030105
CZ,PO7,174259.34706723827
CZ,PO3,147609.4991908442
CZ,POZ,142566.6774865341
CZ,PO4,156884.80952761223
CZ,PO8,216578.72146267773
CZ,O1,184985.28525416422
CZ,OZ,191789.83263900637
CZ,O2,193581.7203423836
CZ,IZ,225901.83966306772
C2,C4,71976.89390535644
C2,C6,109169.31531558401
C2,CP5,111927.01006118463
C2,CP3,98097.42448111193
C2,CP1,85613.69665172166
C2,CPZ,79401.20760761494
C2,CP2,65665.93874798036
C2,CP4,99117.24460142541
C2,CP6,122918.91562976617
C2,FP1,830659.4971906134
C2,FPZ,550192.3431689584
C2,FP2,503844.4171647002
C2,AF7,852927.5273606918
C2,AF3,394157.9412386635
C2,AFZ,225259.02946755535
C2,AF4,224348.42532573527
C2,AF8,564134.315447424
C2,F7,422100.7927707794
C2,F5,392421.38569819566
C2,F3,154892.2453479853
C2,F1,162214.48534368878
C2,FZ,110676.38017677859
C2,F2,129763.40370648308
C2,F4,129538.06139701264
C2,F6,182842.3320727464
C2,F8,273932.4342473371
C2,FT7,159892.68669695628
C2,FT8,190661.1314645203
C2,T7,138445.33566076923
C2,T8,143498.6436549915
C2,T9,182220.1618353942
C2,T10,208505.03143036208
C2,TP7,127314.11730602455
C2,TP8,144691.2482049447
C2,P7,142240.6608775545
C2,P5,133007.6220852869
C2,P3,116927.39638140025
C2,P1,107994.70926765406
C2,PZ,104191.6535641571
C2,P2,107546.92565145029
C2,P4,126081.40189126883
C2,P6,149966.90125455003
C2,P8,156657.39225629836
C2,PO7,171650.5324254198
C2,PO3,142591.3925995946
C2,POZ,136658.93224252368
C2,PO4,151841.9196475531
C2,PO8,213412.20348572603
C2,O1,181492.55375216962
C2,OZ,186850.1140326948
C2,O2,189401.95839840392
C2,IZ,223041.30437035073
C4,C6,92776.00909578805
C4,CP5,111281.31633788279
C4,CP3,101244.28647893383
C4,CP1,95588.61791170789
C4,CPZ,97617.25019006793
C4,CP2,83898.18778017412
C4,CP4,93099.8309230702
C4,CP6,113124.1403707695
C4,FP1,823903.3623914573
C4,FPZ,547862.9006885163
C4,FP2,499497.8987405943
C4,AF7,848132.3510835221
C4,AF3,390920.0797245218
C4,AFZ,224908.1699727745
C4,AF4,225016.42121444218
C4,AF8,562043.6179069089
C4,F7,420025.03809364
C4,F5,389375.34255200415
C4,F3,156766.36085521127
C4,F1,164817.8981449398
C4,FZ,113931.89990193062
C4,F2,129379.556500707
C4,F4,129200.39253579959
C4,F6,181189.31464062963
C4,F8,271828.67904583545
C4,FT7,160595.97963919828
C4,FT8,182371.58097384646
C4,T7,137382.72309576496
C4,T8,136180.77932715445
C4,T9,184417.60936503072
C4,T10,204384.33722747653
C4,TP7,128081.4839873156
C4,TP8,141659.23545257602
C4,P7,144981.70207750515
C4,P5,133186.2952098693
C4,P3,119428.34770884596
C4,P1,111051.24053741572
C4,PZ,110162.12736704835
C4,P2,110721.30875112068
C4,P4,124200.93763535883
C4,P6,148634.91961154292
C4,P8,156286.5188067105
C4,PO7,173631.72217632353
C4,PO3,145713.0557950746
C4,POZ,139622.10285689463
C4,PO4,153052.40623315776
C4,PO8,213045.05386118733
C4,O1,183526.05110744003
C4,OZ,188704.05042214715
C4,O2,192223.94247510502
C4,IZ,225298.66433348015
C6,CP5,122517.74745354154
C6,CP3,118709.63119877205
C6,CP1,117020.97564197639
C6,CPZ,118813.37819393995
C6,CP2,112357.76423323949
C6,CP4,110210.14492639164
C6,CP6,110515.90359991965
C6,FP1,787439.5479339547
C6,FPZ,526166.4737959374
C6,FP2,479491.02041954995
C6,AF7,813385.1318734095
C6,AF3,370470.86997259693
C6,AFZ,228066.52957990533
C6,AF4,224405.1605786133
C6,AF8,530798.2029740297
C6,F7,398304.6833782888
C6,F5,369037.5517570298
C6,F3,164790.57108387805
C6,F1,170681.7218656697
C6,FZ,132417.85449245083
C6,F2,141443.22942049056
C6,F4,141160.4210026358
C6,F6,175295.42296626195
C6,F8,256058.30226102273
C6,FT7,161117.58286613974
C6,FT8,165412.74108551716
C6,T7,139170.41185651
C6,T8,121888.90832887542
C6,T9,180215.88214099006
C6,T10,189263.6831344203
C6,TP7,132938.26041366998
C6,TP8,131025.70807717877
C6,P7,147949.52541073883
C6,P5,138625.8551576069
C6,P3,130646.32054728598
C6,P1,125203.72964940434
C6,PZ,124050.12645661627
C6,P2,123761.22857814458
C6,P4,128640.28908929093
C6,P6,144408.60634184213
C6,P8,149798.53989657905
C6,PO7,171139.10397858947
C6,PO3,148179.3621663344
C6,POZ,144282.71336445093
C6,PO4,154202.5061353395
C6,PO8,202117.35603240822
C6,O1,180935.69969522912
C6,OZ,186657.2059810048
C6,O2,187001.9611327711
C6,IZ,217502.96525565043
CP5,CP3,78842.8254936323
CP5,CP1,97581.07152441842
CP5,CPZ,108495.74008891587
CP5,CP2,108598.34011090794
CP5,CP4,113692.72073808323
CP5,CP6,123861.88770352518
CP5,FP1,779012.5321977109
CP5,FPZ,519112.4779011839
CP5,FP2,473324.7422227129
CP5,AF7,806417.7471650477
CP5,AF3,372855.4924171012
CP5,AFZ,230554.39395491482
CP5,AF4,227098.1280930322
CP5,AF8,528469.6549494516
CP5,F7,401474.8283883202
CP5,F5,372262.1917051762
CP5,F3,167429.39022166803
CP5,F1,173271.51670505715
CP5,FZ,135410.17620101385
CP5,F2,148270.3280950246
CP5,F4,147933.581879045
CP5,F6,185524.36133918382
CP5,F8,266270.7361292504
CP5,FT7,161989.89067339792
CP5,FT8,186053.6698860244
CP5,T7,121315.58188941954
CP5,T8,139281.87558943068
CP5,T9,153889.91908766376
CP5,T10,188571.41894821866
CP5,TP7,96609.61668217985
CP5,TP8,140290.87476735286
CP5,P7,109025.27143264629
CP5,P5,98063.22130476712
CP5,P3,97578.7537064853
CP5,P1,103811.39622559187
CP5,PZ,111197.67745546623
CP5,P2,113697.41130911828
CP5,P4,127376.6797923758
CP5,P6,142094.95727054865
CP5,P8,148848.277474286
CP5,PO7,143626.03828879475
CP5,PO3,120512.3745885302
CP5,POZ,128760.32439838072
CP5,PO4,145016.4223755805
CP5,PO8,194980.5653401535
CP5,O1,161373.17991851436
CP5,OZ,172135.6998369269
CP5,O2,177339.47636402518
CP5,IZ,201466.98069896208
CP3,CP1,69106.83956312978
CP3,CPZ,93143.02833947475
CP3,CP2,95587.37883271708
CP3,CP4,107165.59339692052
CP3,CP6,121118.319890217
CP3,FP1,797679.7293590936
CP3,FPZ,530439.2494182583
CP3,FP2,486071.6049306463
CP3,AF7,821896.1804090438
CP3,AF3,379820.0209734939
CP3,AFZ,228147.15874579203
CP3,AF4,226105.81317156748
CP3,AF8,544534.7220049122
CP3,F7,410124.7148304278
CP3,F5,378737.2461053915
CP3,F3,162921.65540949733
CP3,F1,169705.2210085176
CP3,FZ,125377.26028717295
CP3,F2,140980.87775252498
CP3,F4,140677.5702065558
CP3,F6,186419.18558739102
CP3,F8,270205.738433459
CP3,FT7,161839.36887203009
CP3,FT8,190949.5931738782
CP3,T7,131052.02185655823
CP3,T8,140434.47798164436
CP3,T9,165101.6458252945
CP3,T10,195274.6115940606
CP3,TP7,115031.03233078221
CP3,TP8,140253.1380110358
CP3,P7,123223.96682434135
CP3,P5,105776.13131764653
CP3,P3,88921.4166644055
CP3,P1,89277.47501743585
CP3,PZ,97800.15928267385
CP3,P2,105071.83018790453
CP3,P4,122796.4827497138
CP3,P6,143353.91339730832
CP3,P8,151435.766006861
CP3,PO7,152474.99436238455
CP3,PO3,121883.16338335647
CP3,POZ,125243.95937399156
CP3,PO4,142650.90246729075
CP3,PO8,199331.94831270337
CP3,O1,166367.50602261716
CP3,OZ,176223.15508218412
CP3,O2,180004.32495150817
CP3,IZ,209898.1752842522
CP1,CPZ,67238.4807696392
CP1,CP2,79484.5546167836
CP1,CP4,101990.08644004178
CP1,CP6,119744.04748439419
CP1,FP1,804762.8787051749
CP1,FPZ,530251.0461910965
CP1,FP2,485501.1445481017
CP1,AF7,831374.6735284143
CP1,AF3,380721.3958961633
CP1,AFZ,223350.92003209694
CP1,AF4,223868.76738448147
CP1,AF8,550905.7904615102
CP1,F7,413002.417275696
CP1,F5,379603.23795429594
CP1,F3,158318.53021514497
CP1,F1,165234.74323177667
CP1,FZ,122088.98875692989
CP1,F2,138125.16718317298
CP1,F4,137624.89655937222
CP1,F6,186006.05031227227
CP1,F8,274132.3666767091
CP1,FT7,163339.09714473848
CP1,FT8,194147.90638359575
CP1,T7,134682.59539841922
CP1,T8,140429.6149508036
CP1,T9,168350.58516458477
CP1,T10,193945.45720841142
CP1,TP7,118664.59364516244
CP1,TP8,139232.79087431286
CP1,P7,127929.0678047407
CP1,P5,117631.11234701694
CP1,P3,94510.88489710007
CP1,P1,80676.87124137684
CP1,PZ,84436.29410882488
CP1,P2,96101.06429841905
CP1,P4,119112.64524169847
CP1,P6,141669.95212763725
CP1,P8,147774.69754996552
CP1,PO7,156672.30874893043
CP1,PO3,125720.89133645842
CP1,POZ,122501.97347133305
CP1,PO4,139290.14282522714
CP1,PO8,200465.05449464472
CP1,O1,166938.99119523965
CP1,OZ,174984.32567769705
CP1,O2,177401.2872948716
CP1,IZ,208588.9710676679
CPZ,CP2,67396.55012814536
CPZ,CP4,99027.37629291003
CPZ,CP6,121076.18992352094
CPZ,FP1,790613.405685999
CPZ,FPZ,517483.1026365356
CPZ,FP2,471987.4250229736
CPZ,AF7,819008.6090979727
CPZ,AF3,369692.4432106854
CPZ,AFZ,218035.6142041066
CPZ,AF4,220228.3910335164
CPZ,AF8,539890.0523850897
CPZ,F7,407580.0330683398
CPZ,F5,368184.81009003764
CPZ,F3,159744.14140546334
CPZ,F1,165975.4147227067
CPZ,FZ,127017.9920080421
CPZ,F2,140830.5313705009
CPZ,F4,140321.67947389046
CPZ,F6,188730.70359144046
CPZ,F8,272687.69649022183
CPZ,FT7,164761.49255704397
CPZ,FT8,193654.15651953433
CPZ,T7,136959.7188889701
CPZ,T8,141250.764662548
CPZ,T9,163759.77276785867
CPZ,T10,188363.5009244228
CPZ,TP7,121105.00235376936
CPZ,TP8,139054.38863124113
CPZ,P7,131164.03294814457
CPZ,P5,122544.47416149262
CPZ,P3,105387.25504567806
CPZ,P1,89179.18278668166
CPZ,PZ,81838.57774306949
CPZ,P2,91844.19467625425
CPZ,P4,117077.41374095612
CPZ,P6,140171.85177264104
CPZ,P8,146307.49188725094
CPZ,PO7,157013.24179298562
CPZ,PO3,128585.0255614039
CPZ,POZ,121109.98462983724
CPZ,PO4,136960.45960070993
CPZ,PO8,197897.04482397216
CPZ,O1,165350.89842141516
CPZ,OZ,172432.91525134872
CPZ,O2,174868.89596270394
CPZ,IZ,205279.47466231155
CP2,CP4,79129.5026737475
CP2,CP6,111727.34108200831
CP2,FP1,800291.7576579428
CP2,FPZ,525569.7937425559
CP2,FP2,477975.770214452
CP2,AF7,827081.6918535037
CP2,AF3,376299.0901779414
CP2,AFZ,220512.95930096542
CP2,AF4,222510.90684950474
CP2,AF8,545139.6280191877
CP2,F7,412021.16163866356
CP2,F5,375174.9853523021
CP2,F3,160968.47820730953
CP2,F1,167555.40483918373
CP2,FZ,125306.69694756811
CP2,F2,140532.04652614985
CP2,F4,140140.87475707926
CP2,F6,188788.42926506183
CP2,F8,276722.60823649075
CP2,FT7,166559.99137272438
CP2,FT8,193976.7378587219
CP2,T7,137368.6817941113
CP2,T8,136021.21149210204
CP2,T9,165119.91260371602
CP2,T10,184990.90475774172
CP2,TP7,120112.47394830608
CP2,TP8,133444.72075359628
CP2,P7,130343.88862307358
CP2,P5,122585.63082959461
CP2,P3,105416.28284294525
CP2,P1,93708.07522880808
CP2,PZ,83592.05874193276
CP2,P2,84681.68016594768
CP2,P4,107636.59216591473
CP2,P6,133299.4919122067
CP2,P8,140885.4967657423
CP2,PO7,157070.88001244274
CP2,PO3,129282.29138185321
CP2,POZ,119065.44051860699
CP2,PO4,133578.7598706182
CP2,PO8,194679.48512550764
CP2,O1,164335.6581199811
CP2,OZ,170913.76943269544
CP2,O2,171881.94843878236
CP2,IZ,203843.90384349623
CP4,CP6,90948.42813858141
CP4,FP1,769357.1060643919
CP4,FPZ,509469.6145538285
CP4,FP2,464902.30784627295
CP4,AF7,798062.6154538655
CP4,AF3,362730.0617909316
CP4,AFZ,225363.24525297884
CP4,AF4,221056.83232209843
CP4,AF8,522370.2358590609
CP4,F7,398072.4225674634
CP4,F5,361715.48806081444
CP4,F3,170316.72062970707
CP4,F1,175530.85117527115
CP4,FZ,139837.36495930434
CP4,F2,150362.05272430473
CP4,F4,150022.80725843858
CP4,F6,189065.0361811939
CP4,F8,266619.3097011594
CP4,FT7,167851.34061862185
CP4,FT8,187237.26482951906
CP4,T7,141230.50301863757
CP4,T8,131052.48287079604
CP4,T9,162551.77761261203
CP4,T10,178147.0346620715
CP4,TP7,125070.0121321705
CP4,TP8,127187.55517812406
CP4,P7,131935.35016045012
CP4,P5,124369.08546387532
CP4,P3,110913.98940672864
CP4,P1,103879.17381295217
CP4,PZ,97252.68746660424
CP4,P2,87114.06918512352
CP4,P4,88631.25630994128
CP4,P6,118026.34570324988
CP4,P8,132452.38092407383
CP4,PO7,154720.12466522676
CP4,PO3,129014.29494589928
CP4,POZ,119553.062905152
CP4,PO4,126736.98267297565
CP4,PO8,186214.8134329786
CP4,O1,160021.68125149544
CP4,OZ,165750.95056824913
CP4,O2,166089.8317693235
CP4,IZ,197853.47838103198
CP6,FP1,746666.83705662
CP6,FPZ,492226.5227374684
CP6,FP2,447476.5880605075
CP6,AF7,768961.7757989764
CP6,AF3,352962.44411215326
CP6,AFZ,227874.23870092796
CP6,AF4,221847.69432827714
CP6,AF8,502903.43790274754
CP6,F7,384832.1653384061
CP6,F5,352128.926283618
CP6,F3,177171.61998417077
CP6,F1,180689.42455433213
CP6,FZ,152305.2832652157
CP6,F2,158664.25185519544
CP6,F4,158415.54715844698
CP6,F6,187477.9055538604
CP6,F8,257777.39187024592
CP6,FT7,170925.65834054828
CP6,FT8,179501.33186644924
CP6,T7,144629.801161032
CP6,T8,123210.26571219673
CP6,T9,160541.4471522743
CP6,T10,168172.4909878214
CP6,TP7,129399.39845923602
CP6,TP8,113824.07355971061
CP6,P7,134192.4444697998
CP6,P5,129831.96298351532
CP6,P3,121908.4362126201
CP6,P1,117568.612115592
CP6,PZ,116952.03445904989
CP6,P2,111910.47501816739
CP6,P4,103533.88131789857
CP6,P6,111683.28525622867
CP6,P8,122875.96829381077
CP6,PO7,154054.97665581686
CP6,PO3,134342.13974191606
CP6,POZ,129686.1312762885
CP6,PO4,132612.8323703975
CP6,PO8,182070.50306570687
CP6,O1,161962.64407401715
CP6,OZ,168307.2591947892
CP6,O2,167156.70987582838
CP6,IZ,192677.47925666152
FP1,FPZ,251887.65549297654
FP1,FP2,291491.6743559736
FP1,AF7,267520.4775372319
FP1,AF3,381789.0047877992
FP1,AFZ,572129.2231895084
FP1,AF4,578689.768913899
FP1,AF8,353594.2497375918
FP1,F7,476986.806565737
FP1,F5,384664.64740260673
FP1,F3,698214.8416270138
FP1,F1,680031.6215222855
FP1,FZ,838700.6437946676
FP1,F2,764921.0171614516
FP1,F4,766202.4121222164
FP1,F6,702544.2407582343
FP1,F8,622944.6668262051
FP1,FT7,758675.192923252
FP1,FT8,722570.9917558733
FP1,T7,759939.9036292637
FP1,T8,733039.6059376061
FP1,T9,692400.7890212891
FP1,T10,668959.1772915315
FP1,TP7,756701.8645944899
FP1,TP8,721024.2795095715
FP1,P7,723720.8439594784
FP1,P5,742072.2455894152
FP1,P3,763497.6327049667
FP1,P1,769421.7104492189
FP1,PZ,768203.1135665682
FP1,P2,762574.8098036163
FP1,P4,741211.1714245257
FP1,P6,709556.5891638235
FP1,P8,699131.7978504597
FP1,PO7,683993.6894040158
FP1,PO3,720602.9232697118
FP1,POZ,724070.4440573887
FP1,PO4,695011.4570462148
FP1,PO8,635924.1186599301
FP1,O1,664697.506309051
FP1,OZ,649954.2794667805
FP1,O2,640564.4366142238
FP1,IZ,638887.6671837027
FPZ,FP2,104783.38559502685
FPZ,AF7,372258.31023432914
FPZ,AF3,199654.70497317836
FPZ,AFZ,296410.6259796303
FPZ,AF4,317095.44101997494
FPZ,AF8,288607.1372945597
FPZ,F7,368185.0652500905
FPZ,F5,201636.68355849883
FPZ,F3,423663.67982700374
FPZ,F1,410028.9327428131
FPZ,FZ,551758.193515854
FPZ,F2,482526.19054713217
FPZ,F4,483137.15742816625
FPZ,F6,465961.4277191279
FPZ,F8,443916.2689236367
FPZ,FT7,516935.0563354228
FPZ,FT8,508053.97177294147
FPZ,T7,510260.52041802846
FPZ,T8,491302.6367632168
FPZ,T9,463919.2070313422
FPZ,T10,449240.06698686484
FPZ,TP7,499912.294239642
FPZ,TP8,478095.81731968164
FPZ,P7,478708.4292476439
FPZ,P5,495364.35623314977
FPZ,P3,503504.1317845333
FPZ,P1,505026.4489404198
FPZ,PZ,501496.4989301337
FPZ,P2,498923.856398648
FPZ,P4,491841.1931102837
FPZ,P6,472530.4025780273
FPZ,P8,466912.51068376313
FPZ,PO7,457581.04717049474
FPZ,PO3,478199.2639988501
FPZ,POZ,474231.4489610526
FPZ,PO4,460939.2236844483
FPZ,PO8,437695.9839690012
FPZ,O1,448260.3812695775
FPZ,OZ,437449.12914162857
FPZ,O2,434653.15390731324
FPZ,IZ,437754.7444733126
FP2,AF7,396834.50843110896
FP2,AF3,184286.86872545478
FP2,AFZ,260050.1712274837
FP2,AF4,271877.6299488169
FP2,AF8,264333.6777958924
FP2,F7,343984.23374348663
FP2,F5,185682.95445939506
FP2,F3,381251.5634102129
FP2,F1,367757.2511552811
FP2,FZ,504855.49403886497
FP2,F2,434277.2976372913
FP2,F4,434954.5883517955
FP2,F6,414926.71819726954
FP2,F8,395509.5760872744
FP2,FT7,468349.7213797864
FP2,FT8,459059.2639207202
FP2,T7,465596.8068198843
FP2,T8,446228.7700216895
FP2,T9,427176.31149091
FP2,T10,413938.1022456058
FP2,TP7,458152.6791388182
FP2,TP8,435103.2215907135
FP2,P7,438613.2826252467
FP2,P5,450017.81806221494
FP2,P3,460970.57684336347
FP2,P1,463578.4841620492
FP2,PZ,459272.0597879203
FP2,P2,455435.8023763142
FP2,P4,450733.3916571982
FP2,P6,430882.35735771485
FP2,P8,426766.7930783542
FP2,PO7,419189.8461972759
FP2,PO3,440049.6259944771
FP2,POZ,432726.61953549884
FP2,PO4,419501.4007644467
FP2,PO8,405234.3428209362
FP2,O1,409881.0401637076
FP2,OZ,403569.4003533425
FP2,O2,398586.55230796704
FP2,IZ,401674.4060107064
AF7,AF3,434207.0093230949
AF7,AFZ,623348.9988839455
AF7,AF4,621329.1540687557
AF7,AF8,375212.1300583483
AF7,F7,457139.64871015673
AF7,F5,436999.84203764214
AF7,F3,728389.6113738987
AF7,F1,711193.7994957174
AF7,FZ,860487.725195352
AF7,F2,791379.6809195719
AF7,F4,792495.8263986136
AF7,F6,713680.8503134034
AF7,F8,617689.3002893294
AF7,FT7,766771.651411172
AF7,FT8,726877.0019893076
AF7,T7,779351.4025281601
AF7,T8,755935.045616656
AF7,T9,725256.3617603681
AF7,T10,702428.5437203436
AF7,TP7,782729.6921818668
AF7,TP8,749731.8915158962
AF7,P7,750941.3694398658
AF7,P5,768997.3670514758
AF7,P3,788222.3374584221
AF7,P1,800953.141910653
AF7,PZ,796719.5585983683
AF7,P2,793323.7556255063
AF7,P4,769491.4995928382
AF7,P6,733626.1735245861
AF7,P8,726050.1292367203
AF7,PO7,710519.5318206362
AF7,PO3,751229.6001286672
AF7,POZ,756116.12331072
AF7,PO4,724001.8806324078
AF7,PO8,671481.7512762002
AF7,O1,694608.270894707
AF7,OZ,687556.7789052803
AF7,O2,679575.8845045794
AF7,IZ,669356.479798442
AF3,AFZ,190163.36681837225
AF3,AF4,203250.88856624818
AF3,AF8,283444.4822491743
AF3,F7,247489.01546788012
AF3,F5,22432.40456527367
AF3,F3,265781.4150997358
AF3,F1,253906.12259153172
AF3,FZ,387234.65269115166
AF3,F2,325078.5560443621
AF3,F4,325684.7443075923
AF3,F6,310224.90536704333
AF3,F8,306901.60498961806
AF3,FT7,353412.68951897655
AF3,FT8,358290.48916195397
AF3,T7,359126.5945642283
AF3,T8,351565.85702996864
AF3,T9,344776.1430519964
AF3,T10,341765.7548644057
AF3,TP7,361789.244992791
AF3,TP8,348942.6844739648
AF3,P7,352369.5429590239
AF3,P5,359018.6642152643
AF3,P3,364502.2930097153
AF3,P1,365395.5987068147
AF3,PZ,362511.14378336794
AF3,P2,360047.6717081422
AF3,P4,354234.02917751897
AF3,P6,344290.12299987464
AF3,P8,343256.0232476893
AF3,PO7,340441.6394308464
AF3,PO3,348935.6753633825
AF3,POZ,346610.4227815119
AF3,PO4,336620.33825108415
AF3,PO8,339873.5965889109
AF3,O1,335122.660945353
AF3,OZ,332286.5404956027
AF3,O2,332901.78592531965
AF3,IZ,339049.7224429858
AFZ,AF4,92761.31606339983
AFZ,AF8,375295.08240904234
AFZ,F7,310409.58422867605
AFZ,F5,189225.1103168702
AFZ,F3,122333.37207601203
AFZ,F1,118751.46570898365
AFZ,FZ,201896.2503825021
AFZ,F2,154357.99850282964
AFZ,F4,154045.16236884857
AFZ,F6,204113.730919983
AFZ,F8,256321.95223831479
AFZ,FT7,238031.82481058917
AFZ,FT8,269816.80449670256
AFZ,T7,233076.84071876784
AFZ,T8,236900.93787687822
AFZ,T9,249509.733907741
AFZ,T10,255851.19041852964
AFZ,TP7,230682.73430734716
AFZ,TP8,234866.32148297547
AFZ,P7,236419.162469272
AFZ,P5,236321.48200731917
AFZ,P3,227690.89432806562
AFZ,P1,222722.0480340045
AFZ,PZ,221553.9159904414
AFZ,P2,222174.00274100082
AFZ,P4,232157.17646563618
AFZ,P6,242598.62027230486
AFZ,P8,244510.66095581345
AFZ,PO7,248424.66484318752
AFZ,PO3,234396.9629858446
AFZ,POZ,228607.84435463583
AFZ,PO4,241554.12224780576
AFZ,PO8,276779.5455906965
AFZ,O1,254044.37987611358
AFZ,OZ,256543.6038552182
AFZ,O2,261390.3918208219
AFZ,IZ,272086.25138649554
AF4,AF8,354625.3260417095
AF4,F7,301141.3404469069
AF4,F5,202192.1813741011
AF4,F3,138319.22768727984
AF4,F1,134510.85664916597
AF4,FZ,204148.30372787005
AF4,F2,150625.86026212655
AF4,F4,150575.3959833419
AF4,F6,180344.25005825286
AF4,F8,228802.985923526
AF4,FT7,228064.5311383676
AF4,FT8,251864.20041443335
AF4,T7,227096.74272724785
AF4,T8,229604.53035439758
AF4,T9,243402.55041356882
AF4,T10,251225.9682439404
AF4,TP7,226770.0405120931
AF4,TP8,227865.28038961664
AF4,P7,232187.0932631681
AF4,P5,233036.90226570313
AF4,P3,226958.093841155
AF4,P1,222616.28592860023
AF4,PZ,221356.47642220932
AF4,P2,221635.04262962582
AF4,P4,227763.15696749566
AF4,P6,236615.51630877194
AF4,P8,237188.18499155602
AF4,PO7,242403.433620715
AF4,PO3,230553.63687615638
AF4,POZ,225304.41095378986
AF4,PO4,234969.0134726603
AF4,PO8,266778.7520054969
AF4,O1,243896.26789584884
AF4,OZ,248616.8771327838
AF4,O2,253720.78062361834
AF4,IZ,263354.76988505735
AF8,F7,328246.9717369284
AF8,F5,283504.4950735978
AF8,F3,454857.8327090163
AF8,F1,441977.343703117
AF8,FZ,564391.1280206747
AF8,F2,498770.9139601486
AF8,F4,500070.4294823587
AF8,F6,434141.5337757617
AF8,F8,372158.91788903665
AF8,FT7,496328.2152630374
AF8,FT8,468574.0760233518
AF8,T7,509235.09727423906
AF8,T8,490521.9957132723
AF8,T9,485016.1635019964
AF8,T10,475573.8180762807
AF8,TP7,517854.9694605772
AF8,TP8,491470.43640067487
AF8,P7,499186.241633113
AF8,P5,503428.9280752324
AF8,P3,521135.1835107534
AF8,P1,528336.6763306058
AF8,PZ,526478.3891653817
AF8,P2,521786.5192695215
AF8,P4,506876.48135780706
AF8,P6,479903.76355682145
AF8,P8,479412.0303416921
AF8,PO7,477117.55679708935
AF8,PO3,494856.88206413
AF8,POZ,499977.1766493746
AF8,PO4,479010.33346270205
AF8,PO8,457074.9198800787
AF8,O1,466388.410578738
AF8,OZ,462664.6415244861
AF8,O2,460115.2336413887
AF8,IZ,458264.88074354845
F7,F5,247158.93716840423
F7,F3,326939.885724968
F7,F1,318271.49017919257
F7,FZ,415108.96382965357
F7,F2,369017.67308477283
F7,F4,369916.793139633
F7,F6,325877.7692314454
F7,F8,300789.01075836964
F7,FT7,355196.67873534106
F7,FT8,354267.59816151287
F7,T7,377649.272239615
F7,T8,375165.72580891004
F7,T9,374437.98349498835
F7,T10,382146.96450289106
F7,TP7,389931.38353731664
F7,TP8,379717.6032956093
F7,P7,382173.3434180322
F7,P5,384305.8804440158
F7,P3,396431.3917470227
F7,P1,400938.9331720821
F7,PZ,400642.6922242948
F7,P2,398172.18802062713
F7,P4,388460.9462140004
F7,P6,375077.3401770029
F7,P8,373600.6800529392
F7,PO7,369263.14133266365
F7,PO3,377248.987664702
F7,POZ,384094.80286476546
F7,PO4,373902.91352973075
F7,PO8,373212.9071255082
F7,O1,367286.2021794474
F7,OZ,365676.65015688364
F7,O2,368026.75027462345
F7,IZ,370138.7203257718
F5,F3,263641.8392577175
F5,F1,252226.40806996395
F5,FZ,385586.22972750396
F5,F2,323100.4788663668
F5,F4,323729.3842288152
F5,F6,308742.1711036734
F5,F8,306188.4878030213
F5,FT7,352248.5214387673
F5,FT8,357501.9423235867
F5,T7,358162.3892625036
F5,T8,350904.35141085973
F5,T9,345038.8295962602
F5,T10,341818.30516147043
F5,TP7,361246.234804635
F5,TP8,348575.42460097955
F5,P7,351753.3427419102
F5,P5,358310.94177452027
F5,P3,363571.56395960425
F5,P1,364286.36958701984
F5,PZ,361533.140327438
F5,P2,359410.2095589102
F5,P4,354145.5104368288
F5,P6,344278.61211603275
F5,P8,342894.7384195129
F5,PO7,339864.335959354
F5,PO3,348308.6359627836
F5,POZ,345693.44065446727
F5,PO4,336171.633661404
F5,PO8,339642.83615330956
F5,O1,334152.2283713316
F5,OZ,331811.84800789546
F5,O2,332866.73589330516
F5,IZ,339493.1091795785
F3,F1,19761.912142116515
F3,FZ,115875.67326580924
F3,F2,99246.55258521075
F3,F4,98711.76341234676
F3,F6,156681.07249523388
F3,F8,233895.66764310378
F3,FT7,174901.09300695316
F3,FT8,211976.5469311433
F3,T7,171195.23027787745
F3,T8,187863.29102027894
F3,T9,209826.41577235254
F3,T10,231679.22018558584
F3,TP7,174246.2750968897
F3,TP8,189106.4162304115
F3,P7,187368.47414636638
F3,P5,181775.0824175971
F3,P3,172284.32874991302
F3,P1,168836.16086847035
F3,PZ,168412.01277340046
F3,P2,171734.72636741394
F3,P4,184139.74865721833
F3,P6,201409.69865532088
F3,P8,204647.09135418755
F3,PO7,208313.11456927328
F3,PO3,186290.14768869567
F3,POZ,185709.7954352461
F3,PO4,200003.85966498696
F3,PO8,246031.18588072667
F3,O1,215669.008269518
F3,OZ,221893.84317123308
F3,O2,226287.57927987797
F3,IZ,245041.62934440048
F1,FZ,124304.27363001589
F1,F2,105244.6603574422
F1,F4,104739.51505579083
F1,F6,158078.07269791694
F1,F8,231729.07270007787
F1,FT7,178863.03066925716
F1,FT8,214081.12104038888
F1,T7,175475.66392379257
F1,T8,191607.55790630114
F1,T9,211498.5448514469
F1,T10,231765.1217613959
F1,TP7,178852.01340337726
F1,TP8,192397.582390774
F1,P7,191318.75891153625
F1,P5,186359.96571525148
F1,P3,177221.37504176988
F1,P1,174106.66974602742
F1,PZ,173744.96865775122
F1,P2,176704.00696312552
F1,P4,188112.52286978244
F1,P6,203516.6372920418
F1,P8,207514.16212645403
F1,PO7,210628.20737116507
F1,PO3,189492.27892315455
F1,POZ,189051.3230748043
F1,PO4,202783.9075940435
F1,PO8,246607.6549635437
F1,O1,217228.7233425646
F1,OZ,222913.80571438727
F1,O2,227222.02227834033
F1,IZ,244768.6884483046
FZ,F2,78482.1650293754
FZ,F4,78169.26635579126
FZ,F6,164749.55305370718
FZ,F8,264746.6319663463
FZ,FT7,154420.04297697722
FZ,FT8,199836.42137285531
FZ,T7,149535.733228627
FZ,T8,170334.39843600837
FZ,T9,211238.0083465157
FZ,T10,246339.20683646903
FZ,TP7,150760.04780182373
FZ,TP8,174042.53529639685
FZ,P7,171015.64557297638
FZ,P5,161002.014216769
FZ,P3,147176.912755469
FZ,P1,142452.79207675884
FZ,PZ,142115.07335467567
FZ,P2,146468.3282998044
FZ,P4,162804.90720303688
FZ,P6,186578.6797672511
FZ,P8,190527.1082390545
FZ,PO7,200444.80145980776
FZ,PO3,173097.7757559896
FZ,POZ,172736.1872118762
FZ,PO4,186522.29269225945
FZ,PO8,242856.30465369488
FZ,O1,212503.28928574405
FZ,OZ,222399.2163194299
FZ,O2,225424.09833767454
FZ,IZ,254878.7945782828
F2,F4,9901.642080613146
F2,F6,138691.1209985798
F2,F8,235060.69556995828
F2,FT7,162590.23323193676
F2,FT8,200588.3743970656
F2,T7,155703.47483543662
F2,T8,171737.80412359757
F2,T9,203982.49479315602
F2,T10,232171.66828520258
F2,TP7,157891.03602132137
F2,TP8,175417.67673026634
F2,P7,173690.51003190607
F2,P5,167163.73330067593
F2,P3,157412.38418140681
F2,P1,152090.2978612233
F2,PZ,151593.10887192833
F2,P2,156745.38954798473
F2,P4,167956.20383041922
F2,P6,187514.48772099055
F2,P8,191401.87946345613
F2,PO7,198103.64714254055
F2,PO3,175979.38018580977
F2,POZ,174247.44454405454
F2,PO4,188202.7680851865
F2,PO8,235199.811744932
F2,O1,209807.7821030496
F2,OZ,217054.70470109856
F2,O2,219252.47073183767
F2,IZ,242709.49384813698
F4,F6,139186.47346780138
F4,F8,235724.93714601384
F4,FT7,162993.65197959737
F4,FT8,201214.83940456118
F4,T7,155851.3745819896
F4,T8,171979.70893545184
F4,T9,203631.74386429746
F4,T10,231938.7848316083
F4,TP7,157447.04520753358
F4,TP8,175196.08153093987
F4,P7,173511.51646966612
F4,P5,166973.69234099644
F4,P3,157229.82976370063
F4,P1,151988.9166635125
F4,PZ,151022.8238741128
F4,P2,156225.56284358326
F4,P4,167458.31551293918
F4,P6,187335.78539925718
F4,P8,191102.3265162083
F4,PO7,198310.0257370652
F4,PO3,175805.51585625223
F4,POZ,173685.76756753234
F4,PO4,187709.74702650684
F4,PO8,235099.155101111
F4,O1,209670.227863391
F4,OZ,217000.57704610433
F4,O2,219187.01867061606
F4,IZ,242471.6311032837
F6,F8,186602.22045899718
F6,FT7,179345.1655202561
F6,FT8,189987.5074206801
F6,T7,183478.24651378693
F6,T8,188336.10292745882
F6,T9,222692.87044639367
F6,T10,244805.75497633254
F6,TP7,193683.93968277494
F6,TP8,199766.25366043154
F6,P7,205993.6634821398
F6,P5,196707.4517704207
F6,P3,194670.975092045
F6,P1,195116.94175364086
F6,PZ,194880.95839554875
F6,P2,194860.91474470243
F6,P4,198330.17200104299
F6,P6,206031.06218551044
F6,P8,210107.49309180805
F6,PO7,217791.1333091733
F6,PO3,203478.3149854313
F6,POZ,205717.58760621175
F6,PO4,207934.3114814468
F6,PO8,246671.61185120756
F6,O1,224317.2263708483
F6,OZ,229742.86986717826
F6,O2,231691.8407543514
F6,IZ,251094.2032102529
F8,FT7,245756.75565667372
F8,FT8,230266.54961449045
F8,T7,253735.42198244206
F8,T8,249416.22883217814
F8,T9,276779.5902503
F8,T10,287793.26937589643
F8,TP7,265828.97337142174
F8,TP8,262151.4265660605
F8,P7,268839.0029516851
F8,P5,264941.5341279544
F8,P3,269770.03506998305
F8,P1,273055.2189808493
F8,PZ,273173.60126642673
F8,P2,271390.38656104525
F8,P4,265020.7903793495
F8,P6,263756.34621483204
F8,P8,265549.07844818995
F8,PO7,269638.34815609775
F8,PO3,265539.8309367965
F8,POZ,270462.46539914235
F8,PO4,268194.50779475085
F8,PO8,287711.25609514443
F8,O1,274152.063995117
F8,OZ,275402.0751656007
F8,O2,277918.4702107418
F8,IZ,285707.9024829071
FT7,FT8,189302.45911900557
FT7,T7,145580.03435201375
FT7,T8,179444.62056717835
FT7,T9,204243.12510286886
FT7,T10,238428.77604727694
FT7,TP7,167654.16550247144
FT7,TP8,187100.59096136663
FT7,P7,184471.77280436116
FT7,P5,176077.78449341914
FT7,P3,174640.3284928038
FT7,P1,172752.7241891973
FT7,PZ,173152.10457594422
FT7,P2,173546.58303883826
FT7,P4,178578.76921003792
FT7,P6,190954.2416630949
FT7,P8,196475.53838353642
FT7,PO7,202399.15064730053
FT7,PO3,185978.55844597257
FT7,POZ,188370.64295419338
FT7,PO4,194071.23477961385
FT7,PO8,238751.54856905187
FT7,O1,210777.23220789112
FT7,OZ,219652.22904618687
FT7,O2,221395.72013613663
FT7,IZ,244143.29037891421
FT8,T7,186521.39703771856
FT8,T8,158325.60788230904
FT8,T9,221797.22803265895
FT8,T10,219946.35621341752
FT8,TP7,193890.42162500313
FT8,TP8,184673.49547735814
FT8,P7,202615.04139192143
FT8,P5,195264.333712589
FT8,P3,195849.33050080593
FT8,P1,197158.18539606646
FT8,PZ,197848.8610204638
FT8,P2,196265.98141808138
FT8,P4,193746.74360426277
FT8,P6,194163.02752479224
FT8,P8,198402.62254428802
FT8,PO7,213983.77258685118
FT8,PO3,202136.29884350355
FT8,POZ,207198.06414970264
FT8,PO4,204438.51666723393
FT8,PO8,237029.0051233721
FT8,O1,221210.72693064684
FT8,OZ,228069.8858600155
FT8,O2,226093.46455614417
FT8,IZ,245970.17621956553
T7,T8,150431.67501222185
T7,T9,144066.73074726237
T7,T10,199096.65920549887
T7,TP7,101231.9313957743
T7,TP8,155483.24297941072
T7,P7,137891.39908658635
T7,P5,137337.34160236517
T7,P3,137425.56775523126
T7,P1,137314.37216497603
T7,PZ,139470.76353217376
T7,P2,142729.69263332794
T7,P4,148043.97380581807
T7,P6,158675.37038248757
T7,P8,162402.6514208908
T7,PO7,164662.85851101353
T7,PO3,147847.82267238855
T7,POZ,151352.4015008734
T7,PO4,161959.82994940298
T7,PO8,206623.95005050357
T7,O1,175400.63648061312
T7,OZ,182767.5943762766
T7,O2,187275.00549237858
T7,IZ,205397.23964046958
T8,T9,167656.8266109405
T8,T10,154063.88285029284
T8,TP7,141992.77952962412
T8,TP8,111923.24046665251
T8,P7,147939.4734657592
T8,P5,144061.18360611302
T8,P3,139460.3624618374
T8,P1,136996.7150152873
T8,PZ,138387.41460509007
T8,P2,136580.72116451053
T8,P4,134943.14267293646
T8,P6,137501.95997155653
T8,P8,134073.939709903
T8,PO7,163624.72509670162
T8,PO3,148386.72330204005
T8,POZ,145548.03770897834
T8,PO4,149657.19564329757
T8,PO8,186478.74806305673
T8,O1,171480.46977897748
T8,OZ,174158.25107657333
T8,O2,175143.65666279482
T8,IZ,198082.729079548
T9,T10,150776.75283477665
T9,TP7,125627.36578468367
T9,TP8,155499.74271115774
T9,P7,134938.7438416522
T9,P5,146760.66166212884
T9,P3,150910.19365048155
T9,P1,152831.84657650805
T9,PZ,154899.22113751865
T9,P2,154964.03554007976
T9,P4,157095.27450312272
T9,P6,157235.8459621471
T9,P8,155248.82427852222
T9,PO7,148922.2981269767
T9,PO3,147220.30180927552
T9,POZ,148180.93000398047
T9,PO4,157799.64803827027
T9,PO8,190222.15808686943
T9,O1,157411.61195075343
T9,OZ,162095.5531180847
T9,O2,168717.05082823525
T9,IZ,169016.70107281036
T10,TP7,173719.95203769905
T10,TP8,145356.15334557212
T10,P7,162554.01942437742
T10,P5,171992.66811285066
T10,P3,170615.66376346585
T10,P1,168506.67886260847
T10,PZ,169219.31824382665
T10,P2,166789.96958644915
T10,P4,166424.3649733888
T10,P6,161028.46149919543
T10,P8,150074.93744020798
T10,PO7,168504.96155939193
T10,PO3,165656.78855449826
T10,POZ,157725.91137072776
T10,PO4,164292.93983249608
T10,PO8,188003.46703154503
T10,O1,171697.2340297611
T10,OZ,171800.8209736944
T10,O2,173130.01756976443
T10,IZ,177838.31778515046
TP7,TP8,138159.2424979135
TP7,P7,93629.68073501621
TP7,P5,104744.38272496591
TP7,P3,112367.73678173266
TP7,P1,116135.31523928417
TP7,PZ,120363.63084507477
TP7,P2,121444.22620365018
TP7,P4,129979.72916613142
TP7,P6,140360.1474150671
TP7,P8,143883.68375380005
TP7,PO7,131900.45411378457
TP7,PO3,122256.93209443262
TP7,POZ,128372.45007838226
TP7,PO4,142996.5705566831
TP7,PO8,185692.8411271505
TP7,O1,150114.2814411877
TP7,OZ,160436.3175129955
TP7,O2,167408.7126804133
TP7,IZ,184991.02401715185
TP8,P7,140558.43683306093
TP8,P5,138507.74194909135
TP8,P3,135072.66500445633
TP8,P1,132296.63388014055
TP8,PZ,131596.09400090942
TP8,P2,129317.53144269009
TP8,P4,125212.03108615961
TP8,P6,116450.20363105556
TP8,P8,102162.9243458713
TP8,PO7,153291.86635718332
TP8,PO3,140482.6886504222
TP8,POZ,135177.05470185707
TP8,PO4,135485.81711837978
TP8,PO8,167791.6930494549
TP8,O1,160663.63108458125
TP8,OZ,161331.5982835625
TP8,O2,158669.20865876126
TP8,IZ,179632.35659626164
P7,P5,80454.14187206668
P7,P3,105633.19399180722
P7,P1,115531.24582353767
P7,PZ,123160.57551655741
P7,P2,125049.29029349015
P7,P4,132591.3013569821
P7,P6,137418.7116312651
P7,P8,137078.16958042266
P7,PO7,87321.2785789861
P7,PO3,97564.32903016647
P7,POZ,121521.37386463881
P7,PO4,134189.89699676158
P7,PO8,174191.3390362955
P7,O1,121038.47218397397
P7,OZ,142723.33029177896
P7,O2,151517.86178910686
P7,IZ,163868.9620481841
P5,P3,81735.97951259489
P5,P1,100750.90099997254
P5,PZ,113409.46024366246
P5,P2,117442.36140894909
P5,P4,128262.96383425176
P5,P6,136553.54240348158
P5,P8,140310.5766643728
P5,PO7,105176.3438323122
P5,PO3,87453.47314786345
P5,POZ,115727.32203627666
P5,PO4,133689.37873568732
P5,PO8,178278.57312174092
P5,O1,129950.1452537109
P5,OZ,151311.5367938284
P5,O2,158557.87126832607
P5,IZ,180451.52055914278
P3,P1,66218.64550950499
P3,PZ,88273.7027473604
P3,P2,101153.12884206773
P3,P4,116707.7900127359
P3,P6,133214.12823537795
P3,P8,139143.38129245696
P3,PO7,123712.15333534889
P3,PO3,85264.40338546276
P3,POZ,101665.25735546753
P3,PO4,128370.84482145538
P3,PO8,182056.14396753884
P3,O1,137434.20198676919
P3,OZ,152357.76274106296
P3,O2,158478.56857393583
P3,IZ,180339.28479516422
P1,PZ,58833.407553389254
P1,P2,83009.17875172391
P1,P4,109987.53933458572
P1,P6,129604.05506890656
P1,P8,135739.08816451373
P1,PO7,135445.88346530142
P1,PO3,94075.0431612927
P1,POZ,88701.8514617598
P1,PO4,122200.50101517438
P1,PO8,183479.68260748367
P1,O1,141024.93115423332
P1,OZ,151079.33590541244
P1,O2,156721.60618004753
P1,IZ,184605.8802897112
PZ,P2,63506.08230288859
PZ,P4,102034.93867937544
PZ,P6,127956.54987538887
PZ,P8,135186.35919957375
PZ,PO7,144701.58675607582
PZ,PO3,109937.64139295818
PZ,POZ,89729.3401197893
PZ,PO4,117276.21053532066
PZ,PO8,183153.5138558397
PZ,O1,148177.6495227528
PZ,OZ,153535.63233909415
PZ,O2,156961.6318593315
PZ,IZ,185106.06498939247
P2,P4,84987.10081447412
P2,P6,116957.53429298442
P2,P8,130502.92410186454
P2,PO7,144413.8568332635
P2,PO3,116101.55046585911
P2,POZ,93023.35970589818
P2,PO4,106774.36042936637
P2,PO8,175944.14258963344
P2,O1,148517.03323662328
P2,OZ,150586.28281117932
P2,O2,152367.9798420593
P2,IZ,184330.208803412
P4,P6,95374.80170402046
P4,P8,120112.25287702742
P4,PO7,146135.13565963952
P4,PO3,126584.19020938774
P4,POZ,112036.90279850685
P4,PO4,102061.22488578103
P4,PO8,165066.92170513936
P4,O1,150086.15797199705
P4,OZ,151433.76389249857
P4,O2,149605.47098049682
P4,IZ,177624.70781554093
P6,P8,91704.42634727873
P6,PO7,145600.11538764945
P6,PO3,134364.60038432627
P6,POZ,125338.6551179905
P6,PO4,101793.5741521767
P6,PO8,140936.93176531
P6,O1,148373.4227483342
P6,OZ,148091.5384239208
P6,O2,140065.91478367275
P6,IZ,172382.17613284395
P8,PO7,143304.66451145435
P8,PO3,138591.74432111531
P8,POZ,130690.25413735239
P8,PO4,113780.82287894911
P8,PO8,129732.5360769646
P8,O1,146240.7949828948
P8,OZ,143977.67787214837
P8,O2,135943.41195380836
P8,IZ,163621.41504650214
PO7,PO3,94094.53500848987
PO7,POZ,124747.8765853178
PO7,PO4,136802.15704373893
PO7,PO8,164930.40104560295
PO7,O1,89935.36805071592
PO7,OZ,123506.19162201247
PO7,O2,138324.9199575245
PO7,IZ,147661.86669147277
PO3,POZ,94923.77014721453
PO3,PO4,124574.02021638156
PO3,PO8,172382.0231906108
PO3,O1,105615.16425143919
PO3,OZ,129720.91077081926
PO3,O2,141438.11140293925
PO3,IZ,165214.56381252463
POZ,PO4,96688.98062353619
POZ,PO8,162902.23839382868
POZ,O1,114260.97369833176
POZ,OZ,111109.56000105389
POZ,O2,119324.12267414588
POZ,IZ,161655.84716974743
PO4,PO8,122417.41672230406
PO4,O1,132583.03187491975
PO4,OZ,124375.76584562563
PO4,O2,106147.35814887664
PO4,IZ,158506.40583161727
PO8,O1,159066.04472555584
PO8,OZ,147583.5877573648
PO8,O2,120156.79545796884
PO8,IZ,165193.81894913697
O1,OZ,95775.92239292525
O1,O2,122385.5477922216
O1,IZ,137672.89237437584
OZ,O2,88901.02761314528
OZ,IZ,127164.4461632091
O2,IZ,136951.1280146554
